LocationCityId,id,firstName,name
1166,21990232564254,Hassan,Tehran
1284,24189255813630,Zygmunt,Kraków
1282,27,Wojciech,Katowice
969,35184372095829,Jean,Oran
1356,17592186046669,Tissa,Nugegoda
177,66,Deepak,Kota
1292,10995116283558,Artur,Coimbra
975,35184372095441,Alejandro,San_Martín
161,26388279074647,Deepak,Amritsar
1050,6597069774885,Eduardo,Valdivia
502,32985348834465,Bingbing,Kowloon
117,167,Abhishek,Jiaganj_Azimganj
720,17592186044883,Laura,Guadalajara
1411,26388279071843,Zeki,Izmir
708,24189255812594,Takashi,Yokohama
445,6597069774707,Jun,Chizhou
1173,6079,Antonio,Rome
883,32985348843250,George,Indianapolis
652,6597069776896,Abdul Haris,Semarang
1223,15393162798380,Dan,Chişinău
866,8796093022521,Alexander,Belgorod
521,37383395347468,Carlos Roberto,Tegucigalpa
1056,30786325579594,Francisco,Viña_del_Mar
919,32985348840818,Cam,Đồng_Hới
510,21990232556570,Rafael,Baku
346,19791209309402,Jie,Duyun
1203,28587302332682,Philibert,Fianarantosa
118,2199023257018,Shweta,Andhra_Pradesh
804,8796093029351,Juan,Laoag
348,30786325584061,Wei,Xinxiang
1364,21990232555784,Nils,Malmö
223,24189255813846,V.,Rajasthan
264,28587302322867,Sanjay,Goa
1278,30786325581170,Witold,Szczecin
1195,2199023255907,Alex Obanda,Nairobi
1073,8796093028975,Guillermo,Jagüey_Grande
259,32985348842020,John,Krishnanagar
1219,4398046516596,Alexei,Orhei
516,21990232565214,Svend,Copenhagen
787,704,Faisal,Wah_Cantonment
541,28587302323988,Sonny,Port_Moresby
278,10995116287035,Meera,Tirupati
436,10995116278557,Wei,Anda
1267,21990232560294,Abimael,Trujillo
1086,32985348833336,Otto,Hradec_Králové
491,10995116286208,Baby,Anyang
1125,9538,Angel,Addis_Ababa
305,10044,Rahul,Jamshedpur
274,10995116287940,Nikhil,Thrissur
231,2199023261275,Rajiv,Thanjavur
746,8796093027955,Adolfo,Cancún
1432,13194139541579,Carolina,Bolívar
785,32985348841466,Ayesha,Jamshoro
1256,32985348840222,Ab,Rotterdam
943,1093,Huu,Gia_lam
1058,32985348838192,Patricio,Osorno
1306,1167,Nicolae,Cluj-Napoca
939,15393162792089,Janet,Sóc_Trăng
611,8796093023645,Horst,Koblenz
844,28587302322633,Eugenia,Saint_Petersburg
1239,30786325580127,Jharana Bajracharya Rashid,Balkumari
1097,1227,Eugene Moke,Kananga
1022,32985348836358,Richard,Edmonton
1040,8796093027685,Axelle,Mokolo
1383,1339,Jetsada,Bangkok
1041,15393162795618,Samuel,Baffoussam
742,32985348839517,Carlos,Santa_Catarina
1295,35184372088904,Vitor,Mesa
529,21990232560493,Zydrunas,Vilnius
679,17592186048247,Hideyuki,Nara
1274,24189255817906,Carlos,Callao
1285,30786325581944,Marek,Poznań
401,1450,Chen,Chaozhou
976,26388279072444,Carlos,Corrientes
1341,26388279068547,Choi,Yongin
1095,19791209306759,Jean van de,Goma
944,15393162792059,Bich Phuong,Rạch_Giá
499,10995116286804,Chen,Bengbu
684,8796093023823,Takeshi,Gifu
949,35184372089092,Dieu Hoa,Đà_Lạt
1422,8796093027072,Helen,Coventry
991,8747,Aliaksandr,Baranovichi
486,24189255815387,Yang,Anqing
291,30786325581320,Deepak,Kashipur
1397,8098,Fakhreddine,Monastir
1242,1738,Shakti,Dharan
780,19791209303081,Ayesha,Major_Cities
1368,24189255820729,Hans,Jönköping
632,3579,Wolfgang,Lübeck
1326,37383395348263,Bruce,Bloemfontein
1451,19791209309187,Carey,Kitwe
471,17592186047163,Lei,Changchun
765,35184372099052,Mirza Kalich,Mirpur
753,24189255816553,Abdul Hameed,Sukkur
465,19791209306049,Chen,Fengzhen
603,8796093028274,Werner,Speyer
1321,17592186054383,Abdala,Diourbel
337,1989,Wei,Altay
1210,2028,Amy,George_Town
614,19791209303105,Rudolf,Freiburg_im_Breisgau
1345,24189255811301,Rafael,Barcelona
725,30786325586662,Manuel,Saltillo
1269,32985348837522,David,Chorrillos_District
254,19791209305058,Karan,Salem
1438,8796093022416,Hayyim,Hadhramaut
121,7761,Arun,Bhopal
925,19791209306817,Chau,Biên_Hòa
131,21990232562392,Sanjay,Srinagar
834,35184372097893,Alexander,Vladivostok
798,28587302331844,Juan,Mandaluyong
688,4398046517444,Ken,Hirosaki
261,32985348842205,R.,Mumbai
284,19791209306643,John,Rupnagar
218,13194139542835,Arjun,Suri
191,21990232559810,A.,Kadapa
1062,28587302326788,Carlos,Pamplona
842,35184372091451,Igor,Kursk
229,8796093031696,John,Solapur
643,28587302325244,Abdul Haris,Yogyakarta
951,4398046515809,Farida,Puli_Khumri
1185,35184372094912,Alexandr,Shymkent
1385,37383395346904,Kittipol,Pathum_Thani
1424,17592186054779,Edward,North_Wales
1047,2565,Alphonse,Yaoundé
176,2613,Karan,Bangalore
364,28587302328817,Lin,Mbabane
882,15393162796909,Jim,Columbus
1405,10995116280765,Adem,Ankara
416,8796093027199,Zheng,Gaizhou
776,2715,Abida,Multan
294,15393162797703,Aditya,Bilaspur
1075,32985348840026,Luis,Matanzas
377,10995116278581,Lin,Changle
205,21990232561368,Arun,Vadodara
527,30786325586200,Charles,Monrovia
1348,32985348836687,Vicente,Santander
548,37383395350832,Igor,Bratislava
1124,15393162795706,Ismail Omar,Bahir_Dar
1144,35184372093067,Christos,Crete
1134,21990232561857,Paul,Évry
298,15393162794185,Deepak,Indore
928,15393162796566,Billinjer C,Sơn_La
370,21990232559485,Wei,Erenhot
791,6597069770420,Muhammad,Rahim_Yar_Khan
781,28587302324490,Mirza Kalich,Bahria_Town
878,32985348839860,Tom,Gainesville
351,10995116279382,Yang,Shenyang
1205,2992,Nirina,Toliara
1419,6597069774326,Anna,Luhansk
808,24189255817882,Eddie,Bacolod
585,8120,Marcelo,Uberlândia
732,37383395354600,Francisco Javier,Puebla
424,8796093024263,Zheng,Gaoyao
1388,28587302326269,Narong,Klong_Luang
1325,13194139542022,Margaret,Durban
629,13194139538973,Otto,Heilbronn
1222,3105,Nikolay Dimitrievich,Tiraspol
1070,15393162793945,Mario,Havana
981,24189255816344,David,Sydney
668,2199023258266,Benny,Badung_Regency
672,3156,Aa Ngurah,South_Tangerang
478,3166,Li,Qingdao
456,3183,Jun,Fuyu
389,3213,Zhong,Taiyuan
417,8796093027322,Clara,Dongguan
947,3224,Bich Phuong,Ho_Chi_Minh_City
739,17592186052793,Roberto,Altamira
217,21990232565046,Ashok,Vallabh_Vidhyanagar
733,2199023258251,Alejandro,Toluca
994,19791209306303,Olga,Gomel
113,15393162791211,Arjun,Mysore
390,26388279072733,Yang,Foshan
447,17592186044545,Cheng,Haidian_District
709,32985348840004,Takashi,Atsugi
275,2199023259027,Abhishek,Bandra
477,13194139536300,Hao,Chifeng
201,26388279072145,V.,Serampore
1420,3520,Anna,Chernivtsi
534,28587302326303,Erik,Windhoek
149,4398046515583,John,Ujjain
1243,26388279072927,Ganesh,Gwarko
366,19791209305969,Cheng,Anshun
906,8796093032299,Robert,Minneapolis
1445,13194139543684,Martine Morrocky,Livingstone
980,13194139541621,David,Geelong
1037,26388279066927,Norodom,Phnom_Penh
952,24189255816767,Fereshta,Lashkar_Gah
1314,26388279073518,Gabriel,Timișoara
613,8796093029676,Franz,Othmarschen
726,24189255819742,Jose,San_Pedro_Garza_García
1336,10995116283883,Seung-Hoon,Gwangju
897,26388279069829,Thomas Christian,Cincinnati
568,6597069773910,Jose,Feira_de_Santana
1423,24189255815857,Andrew,Liverpool
1139,4398046515547,Giorgos,Kozani
1236,35184372095092,Yitzhak,Tangier-Tetouan
189,2199023256875,Shweta,Bihar
712,2199023263911,Takeshi,Tokushima
756,24189255815852,John,Jhang
466,4199,Jie,Chuxiong
830,21990232560861,Vicente,Malolos
368,35184372092810,Wei,Dujiangyan
948,8506,Ching,Bà_Rịa
1214,4398046520108,Dayang,Kuala_Lumpur
423,2199023259227,Ge,Yantai
222,19791209310126,Rahul,Allahabad
523,30786325581647,David,Jerusalem
682,2199023260922,Jun,Ichikawa
713,37383395352573,Takashi,Chikusa-ku
1369,35184372097997,Johan,Stockholm
173,7138,Shweta,Kurukshetra
546,24189255816639,Thomas,Glasgow
493,37383395349670,Bing,Enshi
1251,37383395354534,Adriaan,Maastricht
1408,19791209302187,Ahmet,Eskişehir
639,30786325585303,Alexander G.,Bandar_Lampung
406,21990232563483,Zhong,Fuxin
638,35184372098834,Ahmad Rafiq,Depok
1191,6597069773677,Ali,Kitengela
1230,15393162797760,Shlomo,Rabat
208,10995116287871,Deepak,Bareilly
1418,4724,Andriy,Donetsk
593,21990232557851,Vitor,Pelotas
1157,10995116282476,George,Piliscsaba
324,4828,Changpeng,Bole
1362,19791209305664,P.,Batalanda
1208,37383395347607,Victor,Kuching
363,19791209309370,Hao,Guilin
581,26388279069086,Paulo,Criciúma
960,6597069775344,Kamel,Algiers
318,24189255819859,Lei,Huanggang
178,6597069771580,Prakash,Lucknow
567,13194139535996,Wilson,Diamantina
744,37383395348346,Sergio,Campeche
892,21990232562220,Robert,Atlanta
1120,28587302328377,Ydnekatchew,Debre_Marqos
196,5157,Aditya,Nashik
924,35184372094714,Anh,Long_Xuyen
279,30786325579477,A.,Midnapore
1429,26388279075925,Jose,Anzoátegui
938,5231,Dặng Dinh,Tân_An
660,8796093031555,Muhammad,Bandung
942,4398046519545,Huong,Tam_Kỳ
1074,13194139535249,Celia,Cienfuegos
1067,32985348842063,Camilo,Barranquilla
618,32985348833444,Otto,Reutlingen
522,19791209302290,Stephen,Ma_Liu_Shui
1342,6673,Am,Incheon
1232,37383395352214,Rafik,Ifrane
140,5393,Amit,Bikaner
1209,8796093023397,Angelica,Nilai
655,37383395347032,Bibit,Medan
678,8796093032576,Hiroshi,Shibuya
724,37383395345528,Jose,Tlalpan
334,6597069768596,Bingbing,Dingxi
501,35184372098841,Li,Chengde
580,4398046519731,Rafael,Lavras
1079,15393162789459,Mario,Camagüey
940,5619,Batong,Cần_Thơ
126,19791209303398,Naresh,Jammu
860,28587302328745,Lev,Ulan-Ude
482,32985348834925,Jun,Gongyi
462,4398046516158,Jun,"Fuzhou,"
710,2199023257251,Hiroshi,Kobe
362,21990232563936,Lei,Bazhong
1440,10995116281773,Abdul-Malik,Sayyan
517,28587302329871,Carlos Morales,Santo_Domingo
959,21990232559902,Shahla Zaland 0,Khost
470,5924,Jie,Ma'anshan
1279,2199023263408,Piotr,Wrocław
414,5958,Anson,Beitun
307,35184372098113,Abhishek,Aligarh
289,28587302330216,Amit,Barrackpore
350,30786325583027,Baby,Da'an
876,28587302326308,James,Lubbock
1298,26388279067117,Bangguo,Yongkang_District
1305,2199023261777,Andrei,Bucharest
741,28587302330955,Alejandro,Tijuana
754,24189255817676,Muhammad,Khuzdar
533,8071,Peljidiin,Ulan_Bator
1008,32985348834694,Tom,Ghent
749,32985348835963,Francisco,Hermosillo
594,19791209303197,Felipe,Contagem
570,15393162789690,Carlos,Barbacena
790,6352,Imran,Nilore
195,24189255821139,Shweta,Tiruvallur_district
1110,30786325578529,Richard,Southampton
1212,21990232565037,Mohamed,Selangor
180,19791209302454,John,Cuttack
1245,4398046516216,Amisha,Kathmandu
1297,6597069769061,Aska,Taichung
1417,28587302324336,Jack,Lviv
539,30786325581688,Said Suwailim,Muscat
553,15393162798109,Luis Alberto,Montevideo
313,24189255820902,Zhong,Dandong
1052,6597069767140,Roberto,Antofagasta
1045,6563,Alphonse,Buea
852,17592186050325,Aleksandr,Monino
1252,24189255816040,Ad,Eindhoven
1188,24189255816803,Arap,Machakos
1068,2199023259651,Wilson,Tunja
449,10995116280901,Bing,Xiangtan
438,6654,Chen,Changge
306,19791209302990,John,Bhagalpur
884,24189255811879,David,Columbia
1379,35184372096618,John,Unguja
129,19791209305747,K.,Gobichettipalayam
1088,32985348837590,Ernst,Moravia
1151,8796093026373,Janos,Esztergom
768,21990232563872,Muhammad,Kharian
209,10995116278917,Rahul,Tamil_Nadu
576,17592186051204,Jose,Lorena
431,8796093026782,Ning,Bozhou
1131,6818,Georges,Montpellier
1034,24189255817385,Dith,Pray_Veng
444,9693,Ge,Dongfang
1316,37383395348013,Abdoulaye Khouma,Saint-Louis
1197,15393162796146,Philibert,Ambovombe
448,24189255812612,Jie,Cixi
795,6963,Isabel,Kalibo
738,6597069770005,Manuel,Ixtlán_de_Juárez
651,17592186051462,Zaenal,Padang
857,30786325582105,Ivan,Pereslavl-Zalessky
1360,4398046516981,Duleep,Ratmalana_Airport
524,2199023265221,Zaid,Amman
771,30786325578763,Ahsan,Topi
831,6597069774962,Francis,Naga
432,2199023259915,Peng,Danjiangkou
851,7273,Anastasia,Tomsk
891,10995116287646,John,Berkeley
740,37383395345004,Manuel,Mérida
1013,32985348836251,Ashin,Mayangone
1117,10995116282972,Peter,Sheffield
1127,21990232558042,Esti Mamo,Adama
483,19791209305344,Chen,Dengfeng
1192,24189255814051,Adam,Nakuru
243,15393162796337,K.,Patiala
1366,26388279072203,Ulf,Umeå
1327,30786325585714,Justine,Saldanha
215,13194139543621,R.,Jaipur
1258,28587302322607,Ali,Arlit
188,35184372093104,K.,Habra
862,7554,Eugenia,Skolkovo
1080,8796093026214,Bohuslav,Ostrava
755,37383395345376,Ayesha,Larkana_District
343,28587302323073,Lei,Xinzheng
1338,7602,Eun-Hye,Pohang
1194,21990232556765,Alex Obanda,Thika
1174,7684,Luigi,Pavia
609,17592186047816,Otto,Munich
1319,4398046515613,Ladji,Touba
779,7780,Tariq,"Islamabad/Rawalpindi,Lahore"
441,32985348839207,Hao,Nanchong
1370,30786325582911,Mattias,Lund
269,19791209304987,John,Brahmavar
854,21990232559524,Aleksandr,Ulyanovsk
323,13194139540984,Lei,Baiyin
782,19791209300707,Abdul Hameed,Peshawar
1161,7913,Mohammad Reza,Mashhad
1154,7931,Geza,Visonta
1299,15393162792555,Hsin,Zhongli
321,37383395347825,Chen,Shenzhen
485,19791209301302,Wei,Changsha
376,8026,Hao,Hefei
1023,6597069775369,George,Ottawa
1435,30786325583545,Haim,Zinjibar
1322,26388279073659,Abdoulaye Khouma,Tambacounda
461,32985348838260,Zhi,Cangzhou
1089,28587302329055,Ernst,Olomouc
542,32985348842963,Federico,Ponce
902,8237,Robert,Cambridge
1396,28587302329061,David,Gabes
671,6597069774821,Amrozi Bin,West_Papua
203,8316,Shweta,Varanasi
697,10995116286464,Hideki,Owariasahi
393,4398046513178,Wei,Dongyang
219,30786325584693,John,Assam
1196,19791209304177,Anthony,Nyeri
537,35184372092128,Martin,Belfast
1281,8539,Michal,Łódź
463,24189255816435,Chen,"Fengcheng,"
1234,19791209307588,Mordechai,Fes
1107,17592186044747,Mohamed,Ramadan_City
111,8653,Arun,Pondicherry
230,13194139541252,Arjun,Malappuram
408,21990232556915,Zhang,Chongzhou
815,17592186046879,Ricky,Intramuros
864,17592186053999,Alexander,Izhevsk
497,6597069772904,Chen,Jinan
931,35184372093652,Cam,Phan_Thiết
827,6597069775831,Aurora,Santa_Rosa
1217,10995116285650,Alexei,Codru
1091,21990232560501,Barbara Kanam,Bandundu
1012,15393162796066,S. N.,Lanmadaw_Township
950,35184372094207,Cesar,Pleiku
757,9000,John,Nawabshah
716,13194139543641,Enrique,Chihuahua
1177,28587302322352,Luigi,Brescia
913,9101,Chau,Quảng_Ngãi
300,15393162798990,Rahul,New_Delhi
374,19791209307886,Zheng,Gaoping
1268,9166,Cristofer,Distrito_de_Bellavista
895,9221,James,San_Antonio
134,24189255811800,Shweta,Haldia
439,15393162793477,Wei,Changshu
378,32985348833350,Fenglou,Luoyang
1126,21990232564348,Ziv,Mettu
1402,9336,Adem,Mersin
730,24189255817133,Eduardo,Mexico_City
849,19791209305973,Mikhail,Magnitogorsk
559,9441,Rafael,Rio_de_Janeiro
1399,30786325582880,Bertrand,Kairouan
212,32985348842483,Rahul,Erode
824,15393162795813,Ramon,Sampaloc
1081,15393162794517,Eva,Liberec
1115,9539,Jack,Birmingham
255,10995116278369,Shweta,Barasat
303,9552,John,Raniganj
238,9586,Meera,Balasore
624,30786325578027,Otto,Mannheim
152,19791209310408,Meera,Kannur
597,9733,Hans,Darmstadt
302,17592186052175,R.,Durg
875,15393162799275,Jack,Chicago
970,9774,Juan Carlos,Córdoba
806,9842,Aaron,Ermita
175,28587302326353,Rahul,Faizabad
1216,30786325579031,Amir,Shah_Alam
1235,21990232557237,Yassine,Meknes
124,9946,Deepak,Chennai
171,15393162794226,Kunal,Jodhpur
602,35184372095846,Rudolf,Heidelberg
490,15393162799178,Zhang,Fuling_District
1241,28587302329044,Amisha,Pokhara
347,37383395345155,Yang,Dongtai
701,32985348840750,Koji,Niigata
1189,10191,Adan Mohamed Nuur,Eldoret
1096,37383395351576,Lomana Trésor,Kisangani
1014,19791209300362,Ashin,Insein_Township
554,21990232556897,David,Swansea
145,10313,K.,Hubli
661,37383395351696,A.,Banda_Aceh
309,10427,Shweta,Latur
1433,10482,Andres,Sucre
644,10509,Evan,Bangkalan
571,19791209308329,Jose,Manaus
1249,10565,Albertus Van,Heerlen
1293,32985348838254,Henrique,Lisbon
555,24189255819001,Alberto,Guanhães
367,26388279074112,Ning,Baise
605,4398046520395,Fritz,Ludwigsburg
314,8796093028790,Wei,Chaohu
930,2199023255666,Cam,Móng_Cái
265,19791209306818,John,Ajmer
1005,26388279066810,Rene,Ottignies-Louvain-la-Neuve
1248,2199023255672,Adriaen,The_Hague
426,2199023255731,Wei,Kunming
627,26388279073287,Otto,Leipzig
385,24189255816308,Zhang,Shijiazhuang
616,35184372098555,Wolfgang,Hanover
670,4398046520947,Aburizal,Magelang
475,37383395349135,Zhi,Fushun
961,15393162798215,Ahmed,Batna
586,4398046515987,Marcelo,Belo_Horizonte
1250,19791209300488,Abraham Jacob van der,Leiden
799,32985348841055,Carlo,Tuguegarao
811,37383395351427,Enrique,Taguig
159,8796093027094,Vinod,Bardhaman
800,10995116286719,Francis,Manila
183,24189255811907,John,Siliguri
1395,4398046516139,Aharon,Sfax
1202,26388279071289,Monja,Toamasina
384,35184372097098,Zhang,Pudong
1317,37383395354764,El-Hadji Arona,Thies
706,2199023256124,Takashi,Setagaya
399,37383395353702,Yang,Beiliu
796,30786325584989,Eddie,Davao_City
1365,15393162798988,Jan,Uppsala
575,10995116278919,Carlos,Bagé
984,6597069777173,Ron,Melbourne
1377,30786325582960,El-Farouk,Dar_es_Salaam
1253,35184372090163,Aad De,Utrecht
192,15393162797371,Joseph,Bhilai
342,15393162790035,Ning,Daye
1374,37383395347365,Maria,Arusha
564,2199023256462,Emperor of Brazil,Santa_Maria
226,2199023256479,Anand,Haldwani
1087,21990232565777,Karl,Brno
929,32985348835155,Cam,Phan_Rang–Tháp_Chàm
1266,21990232558449,Daouda Malam,Dosso
425,8796093030285,Ben,Dali
956,37383395345359,Djelaludin,Kandahar
1307,13194139534699,Radu,Constanța
778,2199023263996,Amir Abdullah Khan,Risalpur
903,15393162799300,John,Tallahassee
825,35184372090121,Luis,Bislig
1094,4398046521505,Barbara Kanam,Bukavu
1140,26388279067500,Dimitris,Patras
381,8796093030492,Zhang,Chongzuo
1076,17592186053786,Eduardo,Pinar_del_Río
1391,21990232566078,Apasra,Narathiwat
1178,35184372098666,Alfina,Astana
839,2199023256915,Boris,Krasnodar
775,10995116287633,Ahsan,New_Muslim_Town
1129,37383395345490,Henri,Lyon
894,2199023256999,James,Orlando
719,6597069775364,Sergio,San_Nicolás_de_los_Garza
1199,2199023257081,Philibert,Mahajanga
204,28587302330839,Arjun,Navi_Mumbai
394,19791209305144,Jun,Anning
1280,4398046519243,Tomasz,Radom
179,2199023257192,A.,Kalimpong
1109,28587302329336,Mohamed,Sohag
941,2199023258473,Dặng Dinh,Huế
1072,13194139538219,Guillermo,Santiago_de_Cuba
868,13194139541504,Alexey,Volgograd
1312,2199023264435,Nicolae,Oradea
1206,24189255813857,Marguerite,Antsiranana
137,4398046516688,Karan,Berhampur
1376,26388279073403,Edward,Mzumbe_morogoro
163,10995116278602,Sanjay,Anantapur_district
1300,2199023263634,Alice,Yunlin_County
446,2199023257490,Ning,Beijing
457,37383395345943,Jie,Gaobeidian
1175,26388279076713,Luca,Florence
184,19791209305425,Rahul,Bidar
890,19791209302340,Tom,San_Diego
677,37383395353313,Jun,Chiyoda
761,19791209304007,Aisam-Ul-Haq,Ahmedpur_Sial
169,2199023257681,Deepak,Purulia
1289,8796093022755,Mario,Faro
247,6597069770986,Deepak,Bahadurgarh
865,2199023257867,Dmitry,Moscow_International_Business_Center
900,2199023265196,Tom,Baltimore
1409,2199023265765,Mehmet,Gebze
550,6597069771817,Richard E.,Kwaluseni
404,26388279076936,Wei,Fukang
543,32985348839684,Paul,Dublin
1211,2199023258064,Ashley,Penang
705,15393162794340,Kiyoshi,Sapporo
277,24189255812897,Ashok,Munsirhat
1077,19791209302844,Jose,Ciego_de_Ávila
562,2199023258198,Jose,Curitiba
1000,4398046516808,Maurice,Liège
1347,37383395354409,Jesus,Valladolid
252,15393162792471,Abhishek,Dehradun
853,21990232559401,Mikhail,Kazan
165,2199023258262,Karan,Orissa
1367,26388279070488,Hans,Borås
123,13194139539617,K.,Rourkela
248,2199023258475,R.,Silchar
1026,28587302330099,Jim,Hamilton
1352,35184372091725,Francisco,Bilbao
500,13194139543357,Zheng,Ganzhou
686,35184372098911,Takeshi,Fujisawa
723,30786325583063,Carlos,Ciudad_Obregón
1261,4398046518745,Ali,Zinder
918,2199023258704,Binh,Đông_Hà
1320,15393162791318,Abdoulaye,Dakar
405,35184372098039,Li,Chaoyang
1324,30786325586135,David,Cape_Town
1447,30786325581541,Henry,Ndola
1240,2199023258996,Ganesh,Lumbini
1331,19791209300093,Neil,Bellville
199,8796093024361,Arjun,Aizawl
1259,2199023259074,Ali,Abidjan
116,37383395349264,Rahul,Rohtak
361,24189255814693,Yang,Changde
856,15393162789562,Daniil,Vologda
250,8796093024246,K.,Ghaziabad
1428,24189255816238,Luis,Nueva_Esparta
777,2199023259286,Aamer,Islamabad
998,15393162798804,Jonas,Grodno
263,10995116281181,V.,Warangal
826,32985348835625,Antonio,Tagbilaran
136,28587302328924,Shweta,Kakinada
1372,2199023263440,Anders,Gothenburg
1276,15393162795778,Carlos,La_Punta
508,2199023259496,Armando,Luanda
734,37383395350685,Arturo,Oaxaca
1017,26388279075289,Prakash,Loikaw
339,28587302324276,Ben,Bei'an
260,10995116284623,Arun,Ernakulam
1401,35184372092866,Mohamed,El_Mourouj
1116,30786325587433,James,York
889,2199023264845,George,Ann_Arbor
983,2199023261348,Peter,Brisbane
505,24189255819950,Hao,Artux
1263,35184372097076,Abdoulaye,Birni_Nkonni
1053,24189255821340,Hernan,Iquique
816,13194139543256,Richard,Malate
1442,8796093026485,Fekri Al,Sana'a
496,10995116285725,Lin,"Fuyang,"
454,28587302324767,Bingjian,Shihezi
621,2199023259835,Wolfgang,Aachen
355,21990232560674,Chen,Fujin
1172,37383395350227,Giuseppe,Milan
694,2199023259958,Takeshi,Tokyo
146,30786325578962,Priyanka,Hamirpur
1169,28587302331024,Francesco,Pisa
144,26388279076975,K.,Cooch_Behar
1228,2199023260097,Daniel,Casablanca
1071,24189255812170,Emilio,Marianao
1218,30786325584513,Almira,Ungheni
792,17592186047799,Babar,Khairpur
843,19791209305382,Alexander,Saransk
558,4398046515192,Jose,Novo_Hamburgo
803,24189255821585,Juan,Pasay
821,2199023263405,Juan,Cagayan_de_Oro
276,28587302324779,Rahul,Chandigarh
349,21990232563317,Jie,Macau
467,2199023263558,Li,Qiqihar
358,35184372090879,Yang,Songjiang_District
120,21990232557143,Sanjay,Baharampur
893,24189255819403,Matt,Jacksonville
549,15393162792327,Marko,Ljubljana
1061,32985348843454,Andrea,Cartagena
511,15393162797245,Jose,Carmen_Pampa
880,2199023260640,Michael,Richmond
268,24189255815947,A.,Jalpaiguri
1142,2199023260698,Andreas,Athens
538,15393162794955,Jan,Oslo
1247,28587302328655,Ad,Groningen
1272,37383395346869,Francisco,"Chosica,Lima"
886,26388279071572,Jack,Notre_Damena
200,17592186050581,Nikhil,Jhansi
565,19791209305131,Rafael,Goiânia
297,2199023263698,R.,Gujarat
241,26388279071146,V.,Mangalore
607,2199023261185,Otto,Augsburg
1382,30786325581075,Chutima,Nakhon_Pathom_Province
623,4398046520437,Hans,Flensburg
665,37383395352030,Zaenal,Mataram
759,6597069767756,Faisal,"http://maps.google.com/maps?ll=25.530889,69.017306&spn=0.01,0.01&t=m&q=25.530889,69.017306"
317,21990232564477,Jie,Zhangzhou
914,2199023261398,Nguyen Huu,Quy_Nhơn
127,10995116286648,Anant,Kalyani
604,4398046512439,Hans,Lörrach
531,19791209307935,Med,Nouakchott
1257,8796093031904,Albade,Tessaoua
430,30786325587164,Wei,Danzhou
150,21990232558907,Joseph,Visakhapatnam
460,37383395354638,Zheng,Beizhen
955,19791209304034,Abdul Rashid,Kabul
850,6597069774507,Andrei,Murmansk
996,4398046514800,Ivan Ignatyevich,Minsk
290,10995116286339,Nikhil,Gaya
185,2199023261845,Ashok,Puttur
1335,19791209303817,Hyo-Jin,Suwon
1329,2199023261875,Bill,Mthatha
966,2199023261930,Abdel,Chief
916,2199023261935,Anh,Hanoi
1101,19791209300331,Ahmed,Monufia_Governorate
329,2199023264857,Jie,Danyang
1099,8796093027986,Édouard,Bas-Congo
917,26388279067747,Đinh Diễm Liên,Nha_Trang
325,32985348833841,Hao,Xi'an
419,4398046520312,Jun,Beibei_District
420,28587302330641,Yang,Shantou
1452,4398046512511,Lukwesa,Lusaka
228,15393162796938,Shweta,Vijayawada
1204,19791209301445,Claude,Antanifotsy
1378,2199023262374,Cleopa,Mbeya
412,32985348838736,Emi,Emeishan
312,32985348842672,Hao,Donggang
428,26388279074216,Yang,Brooklyn
1353,13194139536588,Maithripala,Kelaniya
658,10995116287024,Abdul Haris,Jakarta
365,35184372095884,Wei,Gaocheng
1069,10995116285875,Mauricio,Medellín
1394,24189255818661,Bechir,Etadhamen
873,8796093032397,David,Nashville
186,30786325581422,Rahul,Maharashtra
450,19791209304966,Wei,Dongying
727,6597069773673,Adolfo,Montemorelos
745,13194139540439,Gabriel,San_Luis_Potosí
1138,2199023262916,Dimitris,Thessaloniki
474,21990232560887,Xiaolu,Yinchuan
828,4398046518977,Richard,San_Miguel
992,15393162797956,Viktor,Bobruysk
1155,2199023263094,Janos,Debrecen
606,35184372089073,Kurt,Fulda
752,2199023263162,Alejandro,Nuevo_Laredo
1386,10995116284909,Chakrit,Lampang
692,13194139538864,Hideki,Shimonoseki
257,21990232558815,Kunal,Shimoga
197,24189255815399,A.,Anand
1387,2199023263560,Wuttichai,Chiang_Mai
1065,26388279068163,Jaime,Bucaramanga
1165,8796093030547,Reza,Isfahan
1168,2199023263762,Luigi,Venice
817,10995116285520,Ramon,Dagupan
1375,24189255819631,Placidus,Morogoro
1412,2199023263846,Andriy,Kiev
762,37383395352826,Salma,Lahore
598,13194139533716,Hermann,Friedberg
1085,30786325586856,Jana,Ústí_nad_Labem
1027,4398046516763,Jack,Saskatoon
1229,21990232556960,Khalid,Marrakech
1238,37383395353046,Amisha,Kirtipur
392,28587302328571,Zheng,Gejiu
181,26388279075729,A.,Alappuzha
1415,21990232565020,Vladimir,Kharkiv
758,2199023264379,Ahsan,Swat
281,24189255812667,Rahul,Nalanda
569,2199023264449,Ary,João_Monlevade
1398,32985348836763,Abderraouf,Sousse
1287,4398046516814,Joao,Porto
1055,4398046511606,Claudio,Temuco
963,6597069767053,Jacques,El_Harrach
1381,6597069770262,Andrew,Zanzibar
794,19791209308691,Eugenio,Cabuyao
699,24189255818791,Kaoru,Hamamatsu
283,21990232564593,Prakash,Faridabad
488,28587302327189,Lei,Dingzhou
480,17592186045574,Zhang,Fuding
1121,2199023264782,Aisso,Nekemte
870,6597069776365,Boris,Gorno-Altaysk
619,15393162791332,Walter,Ilmenau
599,28587302324983,Werner,Wedel
1308,2199023264850,Gheorghe,Iași
1083,32985348843230,Peter,Mladá_Boleslav
1020,26388279074970,Bill,Toronto
1449,30786325578153,Lily Tembo,Kabwe
591,17592186045827,Sergio,Campo_Grande
1010,2199023265070,Ernest B,Taungoo_Township
213,8796093029390,Kamal,Arambag
468,10995116280871,Zheng,Alashankou
1434,17592186048457,Fekri Al,Al_Hudaydah
266,26388279074322,Deepak,Raipur
772,2199023265344,Javed,Karachi
429,19791209301023,Anson,Botou
748,24189255821563,Sergio,Tepic
1113,6597069772371,Peter,Newcastle_upon_Tyne
153,10995116285204,Nikhil,Agra
698,2199023265485,Masahiro,Bunkyo
750,37383395351030,Ramon,Chapingo
214,4398046517200,Abhishek,Howrah
322,30786325584099,Ai,Deyang
1427,30786325585261,Luis,Barquisimeto
1392,28587302324492,Elli Robert Fitoussi,La_Marsa
469,19791209307733,Chen,Huainan
809,8796093030655,Jose,Los_Baños
295,21990232565966,Shweta,Thiruchendur
1100,35184372088995,Albert,Alexandria
287,17592186044611,Amit,Bhubaneswar
847,2199023265938,Igor,Omsk
380,2199023265951,Chen,Dezhou
402,35184372096487,Zhang,Conghua
743,13194139533800,Antonio,Colima
507,2199023266116,Lei,Shanxi
822,21990232559545,Vicente,Cavite_City
690,37383395350372,Hideki,Akita_City
841,4398046514714,Aleksandr,Barnaul
190,4398046511213,A.,Hyderabad
1215,4398046511282,Abby,Terengganu
656,32985348834404,Aa Ngurah,Bengkulu
1414,4398046511316,John,Dnipropetrovsk
764,4398046511335,Amjad Islam,Shorkot
535,32985348842453,John,Auckland
1105,35184372097347,Atef,El_Shorouk
626,13194139537283,Walter,Iserlohn
415,37383395351736,Chen,Changning
912,4398046511479,Cam,Tuyên_Quang
1413,30786325583486,Anna,Mykolaiv
167,10995116281746,Sanjay,Coimbatore
403,4398046511545,Jun,Dangyang
1084,4398046511622,Otto,České_Budějovice
669,10995116279074,Abdul Haris,Kupang
487,35184372092420,Anson,Bazhou
972,28587302322210,Roberto,Buenos_Aires
1003,26388279074968,Rene,Tonbridge
267,28587302323068,Amit,Kerala
1156,6597069774536,George,Veszprém
451,30786325587942,Wei,Fenyang
911,4398046512041,Robert,Ithaca
330,10995116287167,Jun,Changzhi
588,10995116284346,Jose,Brasília
1015,21990232558041,Ernest B,Taungoo
391,28587302326708,Bingyi,Ankang
711,10995116287101,Takeo,Kagoshima
206,19791209305908,Naresh,Patna
1176,10995116279128,Carlo,Turin
662,4398046512352,Alexander G.,Banjarmasin
525,4398046514971,Ken,Vientiane
1273,28587302331514,Alberto,Huancayo
296,19791209303495,K.,Gwalior
801,24189255811750,Boy,Cebu_City
1425,21990232562522,Neil,Bristol
528,8796093024575,Ahmed,Benghazi
422,24189255815532,Jun,Feicheng
612,28587302327126,Fritz,Trier
1288,19791209306189,Joao,Steenokkerzeel
1302,8796093029074,Yang,Kaohsiung
573,10995116288267,Fernanda,São_Carlos
1004,26388279068749,Wouter,Antwerp
1380,28587302330512,Stephen,Dodoma
968,21990232555615,Jean,El_Oued
819,26388279075436,Cesar,Makati
1141,4398046515526,Dimitris,Kalamata
532,26388279074776,Daendranath,Moka
1150,15393162789414,George,Szeged
128,4398046512801,Karan,Delhi
802,13194139540053,John,Roxas
1349,4398046512897,Jose,Vigo
353,21990232563055,Yang,Bijie
676,4398046512971,Koji,Chiba
236,8796093023432,A.,Belgaum
654,10995116283346,Anang,Central_Jakarta
784,4398046513077,A. K.,Abbottabad
1170,32985348842085,Luigi,Naples
544,4398046513157,Andrijana,Skopje
946,37383395353977,Chau,Bạc_Liêu
1016,15393162791723,Eric,Yangon
620,21990232561816,Hans,Stuttgart
286,15393162791606,Arjun,Kottayam
1393,26388279067953,Ammar,Bizerte
934,17592186044506,Cam,Trà_Vinh
328,15393162789375,Hao,Baotou
1143,4398046513538,George,Trikala
1018,37383395349764,Zienia,Pyin_U_Lwin
473,13194139537745,Wei,Gaoyou
251,21990232560076,Rahul,Rajahmundry
979,8796093022927,Juan,San_Miguel_de_Tucumán
908,26388279069479,John,Cleveland
1333,19791209309939,Angie,Seoul
909,4398046513986,Tom,St._Louis
373,26388279069262,Lei,Dunhua
718,24189255820988,Carlos,Culiacán
453,4398046514176,Cheng,Anlu
617,6597069775999,Hans,Nuremberg
1064,30786325588012,Andres,Armenia
1421,6597069774882,Volodymyr,Odessa
990,19791209307862,Andrey,Vitebsk
1246,4398046519625,Balbhadra,Rajbiraj
937,28587302331193,Le Thu,Hung_Yen_province
810,32985348840530,Isabel,Silang
1277,10995116285060,Wojciech,Gdańsk
1351,32985348837861,Manuel,Valencia
292,28587302324488,Shweta,Gangtok
536,19791209306201,Claribel,Managua
954,13194139533902,Abdul,Asadabad
717,30786325586494,Jose,Zacapoaxtla
1296,35184372096244,Joao,Funchal
789,4398046514865,Babar,Sahiwal_Division
256,37383395347899,A.,Guwahati
1453,4398046515113,John,Chingola
835,4398046515272,Leonid,Zhukovsky
148,35184372094449,Deepak,Tiruchirappalli
1108,30786325582941,Mohamed,Bilbeis
503,28587302324810,Yang,Fenghua
1035,26388279073169,Nol,Battambang
583,4398046515610,Luiz,Recife
657,30786325582627,Aa Ngurah,Manokwari
933,35184372093722,Ching,Điện_Biên_Phủ
997,35184372090565,Alexandre,Brest
846,8796093023008,Alexander,Kemerovo_Oblast
1187,8796093027052,Maxim,Oral
666,26388279073431,Donatus,Jimbaran
837,4398046515804,Alexander,Perm
696,4398046515843,Prince,Toyota
518,10995116284415,Juan Carlos,San_Salvador
379,6597069776126,Chen,Beipiao
1354,10995116283899,Mahinda,Elpitiya
1244,26388279071347,Amisha,Lalitpur
1029,32985348837464,Jim,Montreal
1260,17592186047724,Hamani,Niamey
1146,32985348839959,Kostas,Piraeus
151,30786325587008,Ashok,Gandhinagar
327,37383395346223,Jun,Baoshan
141,4398046516444,Shweta,Vellore
877,28587302324416,Robert,New_York_City
1220,4398046519464,Victor,Comrat
578,4398046516767,Sergio,Salvador
625,35184372099063,Hans,Mainz
132,13194139543088,Joseph,Ahmedabad
863,37383395350209,Galina,Saratov
400,19791209309430,Hao,Fuquan
1193,24189255816595,Ali,Kitale
509,6597069768135,Ludwig,Vienna
848,32985348835395,Evgeny,Bishkek
1286,4398046517297,Witold,Warsaw
820,13194139543591,Ramon,Tacloban
187,26388279069544,Sanjay,Kolhapur
1164,10995116287306,Mohammad Ali,Tabriz
225,17592186054927,Amit,Hisar
920,6597069773119,Hồ Mạnh Dũng,Bắc_Giang
715,28587302331931,Manuel,Mexicali
641,15393162793114,Chairil,Surakarta
1057,35184372091523,Jorge,Puerto_Montt
663,4398046517781,Abdul Rahman,Jambi_City
786,4398046517816,Ahsan,Rawalpindi
242,4398046517832,Shweta,Nellore
1439,26388279075069,Abdulwahab,Ta'izz
504,24189255818739,Lei,Gao'an
411,19791209304349,Yang,Quanzhou
836,24189255818934,Alexey,Yekaterinburg
382,21990232561935,Baby,Baoji
1275,15393162793424,Claudia,Lima
1021,6597069774378,Bill,Fredericton
1102,32985348835785,Youssef,Cairo
1159,26388279073479,Reza,Shahrekord
702,4398046518383,Kenji,Machida
464,37383395347369,Cheng,Chibi
923,4398046520309,Bich Phuong,Nghe_An_province
595,4398046518431,Otto,Wernigerode
395,30786325578435,Peng,Dexing
695,30786325584668,Hiroko,Toyohashi
608,10995116282806,Fritz,Berlin
409,15393162789340,Bing,Enping
907,4398046518680,Scott,New_Orleans
1255,32985348841644,Ad,Tilburg
494,6597069768026,Baby,Chengdu
601,17592186047517,Richard,Ingolstadt
1106,35184372094658,Mohamed,New_Cairo
770,13194139534323,John,Faisalabad
198,37383395349499,Shweta,Sion
1082,4398046519213,Jana,Prague
773,21990232562958,Imtiaz,Tando_Jam
637,35184372096446,Amrozi Bin,Surabaya
1147,28587302322576,Konstantinos,Larissa
703,8796093031798,Kenji,Osaka
1006,8796093032271,Marcel,Canterbury
489,24189255816812,Chen,Suzhou
359,26388279068701,Chen,Benxi
506,13194139539104,Zheng,Dashiqiao
285,13194139543719,Javed,Guntur
156,4398046519949,Arjun,Durgapur
227,15393162788923,Rahul,Dum_Dum
1254,30786325578118,Alfred,Amsterdam
993,15393162796995,Aleksandr,Mogilev
154,35184372098845,Abhishek,Loni
805,4398046520278,John,Legazpi
1036,21990232565750,Vichara,Borey_Seang_Nam
319,4398046520363,Hao,Genhe
282,4398046520371,Prakash,Jabalpur
707,4398046520382,Hideo,Hachinohe
901,21990232557426,Robert,Houston
386,4398046520414,Lei,Hangzhou
1104,8796093023415,Ahmad,Giza
1323,30786325585738,Bacary,Rufisque
1044,6597069772041,Alfred,Maroua
731,4398046520672,Alejandro,Querétaro
881,35184372092294,John,New_York
1054,13194139542677,Alberto,Valparaíso
904,4398046520714,Robert,Boston
168,28587302327643,Deepak,Gurgaon
207,4398046520855,Meera,Jajapur
1111,10995116283343,Jack,Manchester
1315,6597069774223,Ibrahima Iyane,Kolda
833,24189255820065,Denis,Rostov
1437,4398046521031,Avraham,Ibb
838,21990232558051,Alexander,Yaroslavl
967,32985348843021,Adel,Annaba
341,15393162795647,Peng,Beihai
1271,19791209300924,Adrian,Jesús_María
320,10995116282224,Yang,Baicheng
540,19791209301387,Billy,Panama_City
170,35184372093350,Deepak,Kodambakkam
722,35184372095020,Manuel,Antón_Lizardo
240,6597069776944,Deepak,Chetpet
333,24189255816584,Zhang,Fuyang
1404,28587302328968,Ahmet,Çankaya
458,8796093024829,Li,Tianjin
813,15393162797397,Antonio,Lipa
304,21990232561810,Deepak,Thiruvananthapuram
1264,6597069766701,Ali,Agadez
135,32985348838559,Ashok,Nagpur
1162,21990232558870,Mehdi,Zanjan
484,6597069766845,Ge,Daqing
958,13194139534931,Faiz,Herat
1262,32985348843016,Mahamane,Tahoua
867,15393162794469,Mikhail,Ufa
1304,13194139535317,Bangguo,Tainan
1430,6597069767077,Augusto,Maracaibo
1019,21990232559910,Fali Sam,Meiktila
1128,35184372098208,Aisso,Jimma
1444,15393162793238,Jimmy,Luanshya
210,32985348841067,Amit,Ranchi
216,30786325582938,Amit,Kasaragod
1033,10995116283917,Norodom,Ta_Khmau
340,15393162797001,Lei,Anguo
139,35184372095402,Rahul,Thirthahalli
421,21990232556998,Michael,Dazhou
964,15393162789203,André,Guelma
262,13194139534511,Amit,Talcher
133,6597069768442,Abhishek,Pune
769,35184372092482,Asim,Quetta
885,30786325582865,Paul,Phoenix
1060,17592186053710,Alvaro,Bogotá
622,30786325585539,Hermann,Frankfurt
888,6597069768267,James,Los_Angeles
1443,13194139540142,Abdulwahab,Al_Mukalla
211,28587302329480,A.,Gulbarga
331,26388279077017,Chen,Yueyang
977,13194139541894,Antonio,Presidencia_Roque_Sáenz_Peña
1098,24189255816129,Jean-Pierre,Lubumbashi
640,6597069773094,Amrozi Bin,Tangerang
596,17592186054466,Hermann,Greifswald
1291,37383395349573,Nuno,Braga
630,6597069769027,Ernst,Konstanz
258,6597069769057,Abhishek,Kollam
1343,37383395351421,Javier,Salamanca
1123,6597069771824,Esti,Mek'ele
1407,26388279067706,Zeki,Gaziantep
1130,30786325587595,Nicolas,Toulouse
397,10995116282575,Li,Gaomi
1028,30786325588302,Bill,Vancouver
728,15393162798798,Eugenio,Pedro_Escobedo
704,37383395351910,Hiroshi,Aichi_Prefecture
674,10995116281346,Kazuo,Nagoya
858,6597069769591,Alexei,Krasnoyarsk
687,6597069769625,Kenji,Okazaki
299,37383395349149,John,Palakkad
1119,37383395348968,Sirak,Dire_Dawa
988,35184372097439,James,Parkville
829,19791209300166,Eddie,Cabanatuan
1163,17592186044828,Parviz,Qazvin
271,35184372090822,Shweta,Udaipur
519,28587302329647,Ain-Ervin,Tallinn
714,15393162788994,Miguel,Monterrey
147,17592186054870,Shweta,Kanpur
1330,13194139543785,Jan,Johannesburg
921,21990232564780,Chau,Bến
572,19791209301504,Jose,Campinas
1358,15393162789731,P.,Kandy
1390,13194139540622,Chakrit,Songkhla
1007,28587302332552,Maurice,Medway
356,13194139537035,Jun,Chuzhou
246,6597069770651,Deepak,Karnataka
650,28587302329676,Abdul Rahman,Bali
872,19791209308966,James,New_Haven
999,10995116278868,Aleksandr,Barysaw
1337,15393162798923,Akihiko,Daejeon
760,8796093032264,Ahmed,Sialkot
1167,24189255813971,Ali Akbar,Qom
1103,21990232564988,Ahmad,Beni_Suef
667,32985348835319,Artika Sari,Ambon
1313,15393162796060,Mircea,Târgoviște
633,24189255816264,Wolfgang,Kassel
280,15393162791561,Shweta,Poonamallee
978,6597069771425,Carlos,Rosario
1046,10995116281783,Patrick,Kumba
691,6597069771660,Daisuke,Nagasaki
492,6597069771709,Yang,Dalian
1135,6597069771723,Jean-Pierre,Nancy
766,37383395349203,Javed,Swabi
932,8796093023046,Anh,Thanh_Hóa
547,21990232556088,Edwin,SingaporeCity
1090,37383395347466,Mathieu,Kinshasa
945,30786325577912,Don,Cua_Lo
721,15393162789345,Jorge,Villahermosa
577,6597069772738,Paulo,Campos_dos_Goytacazes
1207,17592186053772,Abu Bakar Bin,Cyberjaya
1363,8796093026744,Carl,Rovaniemi
174,8796093029298,John,Meerut
965,15393162796796,Abdelmadjid,Bab_Ezzouar
418,10995116285249,Zhong,Lanzhou
1361,32985348838341,Anura,Malabe
693,26388279071410,Minoru,Aomori
631,6597069773367,Walter,Wiesbaden
681,6597069773375,Shigeru,Sagamihara
1001,10995116278875,Henri,Leuven
962,6597069773452,Yacine,Tiaret
526,24189255813996,Aleksandrs,Riga
193,10995116285339,Prakash,Tirunelveli
1270,13194139539195,Manuel,Arequipa
871,37383395352463,Alexei,Irkutsk
818,6597069773776,Antonio,Angeles
1339,37383395354812,Akihiko,Busan
234,28587302330254,John,English_Bazar
1265,24189255821481,Ismael,Maradi
673,6597069774007,Ahmad,Tegal_Regency
600,10995116285167,Richard,Möckern
589,21990232562970,Fernanda,Itajubá
814,6597069774469,Eduardo,Zamboanga_City
1032,28587302322918,Vichara,Kampong_Speu
270,24189255811947,John,Manipal
1310,37383395348206,Constantin,Brașov
592,8796093023044,Celso,Niterói
645,35184372094475,A.,Ciputat
481,17592186047558,Jie,Dengzhou
587,21990232560452,Jose,Serro
375,35184372096512,Wei,Guangzhou
326,37383395349901,Michael,Ezhou
220,8796093026505,Shweta,Greater_Noida
512,8796093029974,Enis,Sarajevo
1309,28587302330660,Nicolae,Galați
1025,19791209307409,John,Winnipeg
953,19791209304951,Mamoon Eshaq 0,Jalalabad
1186,17592186044839,Alexandr,Almaty
476,35184372098918,Cheng,Dongxing
751,6597069776293,Adolfo,Morelia
398,37383395348545,Jun,Ürümqi
974,21990232558923,Sergio,Posadas
879,37383395351280,George,Philadelphia
973,30786325580112,Juan,Various
551,15393162797594,Franz,Geneva
1171,32985348841848,Mario,Trieste
926,32985348838220,Ching,Thái_Bình
899,35184372089837,Paul,Austin
1160,6597069776949,Ali,Babol
1403,17592186053981,Zeki,Istanbul
442,19791209305719,Zhang,Putian
1416,28587302328393,Yaroslav,Uzhhorod
293,8796093022707,Rahul,Nerul
636,13194139541893,A.,West_Java
590,26388279076435,Marcelo,Lagoa_da_Prata
413,8796093028161,Zheng,Anqiu
1318,26388279074671,Mahama Johnson,Louga
927,8796093023368,Ching,Mỹ_Tho
1190,10995116280932,Adam,Kikuyu
783,8796093023623,Imtiaz,Dera_Ismail_Khan
1051,17592186048763,Carlos,Santiago
410,30786325586959,Lei,Dehui
582,19791209308592,Fernanda,São_Paulo
311,19791209304752,Anson,Chishui
310,8796093024380,Zhang,Zhengzhou
455,8796093024002,Boran,Golmud
452,37383395350396,Lin,Hengyang
515,10995116280749,Adolf Topić,Zagreb
1328,8796093024269,Alexander,eMalahleni
869,8796093024300,Anna,Zaoksky
1112,17592186049625,Mark,Leicester
615,32985348839562,Werner,Hamburg
1431,35184372097478,Angela,Monagas
1132,8796093028941,Paul,Lille
437,15393162791929,Cheng,Arxan
1059,17592186049118,Eduardo,Concepción
235,21990232558087,John,Bankura
910,28587302323666,John,Portland
1198,8796093025523,Marguerite,Amparafaravola
1400,8796093025544,Dhafer,Tunis
985,21990232561596,George,Perth
922,28587302332772,Jacqueline,Da_Nang
335,30786325585548,Yang,Dunhuang
344,8796093026265,Cheng,Harbin
155,8796093026300,Amit,Jind
1063,35184372097442,Alfonso,Manizales
1048,21990232558842,Axelle,Bamenda
737,17592186046854,Jorge,Tlatelolco
1122,13194139533825,Katarina,Awasa
1426,37383395348099,Carlos,Caracas
675,13194139536060,Hideyuki,Yokosuka
202,35184372094002,K.,Asansol
574,8796093027820,Caroline,Carangola
1332,37383395351080,John,Pretoria
986,15393162794439,John,Darlington
747,19791209306952,Manuel,Coyoacán
995,8796093028301,Alexander,Borisov
987,35184372092478,Paul,Camperdown
680,17592186052470,Masao,Hachiōji
635,8796093028380,Taufik,Gorontalo
859,8796093028497,Leonid,Voronezh
143,15393162794514,Amit,Anantapur
224,15393162792025,Rahul,Aurangabad
1384,30786325581809,Jetsada,Pathum_Thani_Province
316,8796093029190,Peng,Bayannur
1373,21990232557787,Andrew,Mwanza
372,19791209300978,Michael,Ergun
244,13194139536000,Shweta,Madurai
332,26388279072440,Jun,Diaobingshan
1153,19791209302774,Tamas,Zalaegerszeg
357,37383395345594,Hao,Cenxi
1224,8796093029733,Grigore,Balti
685,28587302326767,Koichi,Toyoake
1436,10995116280975,Zahar Omar Hamis Bin,Dhamar
1024,13194139538512,Rick,London
1078,15393162793157,Jose,Santa_Clara
1049,35184372092078,Samuel,Douala
130,13194139539597,K.,Kochi
1233,21990232563202,Ahmed,Agadir
1092,30786325579529,Jean-Pierre,Baraka
1371,24189255813952,Carl,Örebro
1311,17592186050005,Zoltan,Arad
1030,32985348840163,Chuon,Kampong_Cham
1290,37383395352969,Artur,Almada
479,8796093030849,Lei,Chongqing
1009,13194139534064,Albert,Brussels
1410,10995116277998,Burak,Kadıköy
249,8796093031325,Naresh,Kandivali
832,21990232564309,Boris,Tula
162,21990232563637,John,Srikakulam
440,28587302325881,Bingjian,Nan'an_District
472,8796093031694,Yang,Wuhan
735,10995116286071,Eduardo,Jiquilpan
1133,30786325583602,Rene,Aix-en-Provence
495,13194139539333,Zheng,Binzhou
1200,13194139540132,Philibert,Antsirabe
253,24189255818938,A.,Kozhikode
1346,37383395347868,Javier,Seville
164,21990232565800,Meera,Kolkata
112,10995116281191,Shweta,Rewari
1227,21990232556326,Alexander,Oujda
160,10995116278530,Shweta,Moga
936,28587302328636,Anh,Tuy_Hòa
273,30786325587027,Rahul,Dhenkanal
388,15393162793557,Zhong,Changzhou
642,30786325585391,Aa Ngurah,Makassar
1182,10995116278952,Andrey,Pavlodar
552,10995116279064,Moses,Dushanbe
1152,35184372090605,Ferenc,Salgótarján
729,19791209306667,Hector,Ensenada
237,21990232561902,Priyanka,Namakkal
774,13194139538167,Babar,"Surat,India"
1043,10995116279977,Emanuel,Bangangté
1340,28587302332595,Eun-Hye,Andong
520,32985348837725,Antti,Helsinki
530,10995116280412,Angelo,San_Gwann
1136,30786325578931,Michel,Grenoble
1301,37383395354340,Angela,Hsinchu
560,21990232559975,Sergio,Petrópolis
1201,15393162795897,Monja,Antananarivo
1158,30786325583469,Mostafa,Shiraz
1181,13194139541980,Marat,Oskemen
1226,37383395345699,Alexei,Soroca
545,10995116281697,Bishop Augustin,Butare
855,28587302330467,Alexander,Ivanovo_Oblast
1038,21990232559881,Nim,Sihanoukville
982,10995116285893,John,Canberra
767,28587302327240,Javed,Taxila
383,28587302325519,Bing,Chenzhou
807,30786325577866,Juan,Dumaguete
1283,17592186049342,Feliks,Lublin
345,19791209304449,Peng,Anshan
649,37383395350242,Taufik,Serang
1031,10995116283381,Sinn,Siem_Reap
653,21990232561666,Taufik,Manado
957,21990232561767,Mariam,Gardēz
887,15393162797810,David,Pittsburgh
315,30786325583094,Lin,Changji
561,24189255812297,Marcelo,Passos
308,32985348841739,Anupam,Sambalpur
352,26388279069970,Lei,Dengta
125,24189255819063,Arjun,Noida
797,19791209300656,Francis,Iligan
659,35184372096075,Anastasia,Tarakan
336,37383395353344,Jie,Nanning
971,19791209302997,Carlos,Mendoza
683,26388279075569,Daisuke,Kyoto
1225,26388279073696,Alexei,Bender
1179,10995116287844,Berik,Aktobe
1066,19791209306785,Gabriel,Cali
1118,13194139533461,Gary,Leeds
1011,24189255811663,Chris,Sittwe_District
579,26388279071276,Sergio,Ribeirão_Preto
1448,13194139534229,Rainford,Kasama
182,13194139534426,R.,Davangere
1334,28587302325029,Min-Jung,Seongbuk-gu
142,17592186049852,K.,Surat
563,17592186048627,Jose,Poços_de_Caldas
1441,21990232562309,Israel,Aden
793,19791209301484,Aaron,Iloilo_City
689,13194139537799,Megumi,Nagakute
840,26388279074133,Eugenia,Biysk
194,19791209307487,Arjun,Moradabad
788,13194139540110,Aisam-Ul-Haq,Khyber_Pakhtunkhwa
1237,21990232557451,Ruby,Nala
513,26388279068296,Ivan,Sofia
646,19791209308664,Taufik,Manokwari_Regency
360,35184372096170,Lei,Datong
845,19791209307795,Aaron David,Moscow
1359,15393162791150,Gamini,Peradeniya
443,28587302332330,Wei,Dafeng
498,13194139542199,Lei,Nanjing
896,28587302329569,John,Milwaukee
369,13194139542944,Zheng,Fangchenggang
915,35184372097811,Cam,Thái_Nguyên
371,24189255821214,Chen,Baoding
239,28587302327043,A.,Palayamkottai
823,30786325579429,Gregorio,Quezon_City
1446,15393162790090,John,Monze
1093,37383395349515,Djembo,Boma
338,15393162790408,Lei,Fuqing
1039,17592186049158,Chuon,Pursat
905,30786325583660,Paul,Washington
138,17592186046523,John,Darbhanga
459,30786325580791,Li,Shanghai
514,28587302329293,Nassour Guelendouksia,ChadCity
1184,15393162792672,Indira,Semey
115,21990232556281,Arjun,Shibpur
1183,26388279072874,Abay Ibrahim,Taraz
556,35184372098712,Jose,Santos
935,30786325582758,Batong,Phủ_Lý
1137,15393162795090,Michel,Nantes
1145,26388279075811,Vasilis,Karditsa
245,37383395349157,John,Karaikudi
272,21990232558405,R.,Tiruvallur
435,24189255814908,Yang,Gaozhou
221,19791209300262,Ashok,Jorhat
427,19791209307174,Bingbing,Fu'an
763,30786325587073,Babar,Kahuta
566,15393162797982,Jose,Londrina
1406,19791209310240,Burak,Bursa
1213,35184372097790,Victor,Wilayah_Persekutuan_Kuala_Lumpur
122,28587302330619,Priyanka,Tezpur
634,24189255817177,Franz,Weimar
172,17592186044801,Abhishek,Mahishadal
664,17592186045195,Taufik,Pontianak
119,32985348837652,Deepak,Shillong
989,17592186045771,Peter,Adelaide
1180,17592186045902,Marat,Karagandy
354,26388279073459,Jun,Aral
874,26388279068012,Tom,San_Francisco
233,17592186053180,A.,Nalgonda
898,24189255821368,James,Fayetteville
557,17592186049198,Marcelo,São_Luís
1355,21990232565937,M,Matara
301,35184372093052,John,Secunderabad
1357,24189255813126,Chand,Colombo
1303,32985348834517,Alec,Taipei
1114,19791209305528,Jimmy,Durham
1350,32985348842377,Luis,San_Sebastián
433,19791209305990,Hao,Nanchang
812,17592186053319,Antonio,Biñan
647,19791209300837,Chris,Purwokerto
407,37383395354990,Ning,Changyi
232,19791209309668,John,Dharwad
1149,21990232563803,Laszlo,Budapest
628,19791209309821,Otto,Cologne
1221,21990232555936,Alexandre,Cahul
1042,21990232564614,Joseph,Garoua
861,32985348835348,Ivan,Chita
1450,24189255818927,Lukwesa,Mufulira
1389,21990232562293,Narong,Hat_Yai
1231,21990232562526,Khalid,Sale
700,28587302332495,Prince,Nisshin
736,21990232564793,Miguel,Irapuato
387,28587302328611,Chen,Fuzhou
158,24189255812892,Rahul,Raichur
1002,24189255820571,Georges,Paris
648,24189255815118,Asyifa,Samarinda
114,37383395351800,Shweta,Thane
1148,32985348834534,János,Győr
396,37383395347430,Hao,Zhuhai
166,37383395348353,Aamir,Kalady
288,26388279067181,Rahul,Fatehgarh_Sahib
157,26388279073849,K.,Sangrur
584,30786325581952,Sergio,Porto_Alegre
1294,32985348838905,Manuel,Évora
1344,37383395353579,Jose,Madrid
610,37383395354074,Karl,Kempten
434,37383395347248,Zhi,Baishan
